Origin,Category,Key,Name,FriendlyName,Type,Value,CSPLink
"Group Policy","Microsoft Defender",HKEY_LOCAL_MACHINE\Software\Policies\Microsoft\Windows\WTDS\Components,ServiceEnabled,Enhanced Phishing Protection,DWORD,1,https://learn.microsoft.com/en-us/windows/client-management/mdm/policy-csp-webthreatdefense#serviceenabled
"Group Policy","Microsoft Defender",HKEY_LOCAL_MACHINE\Software\Policies\Microsoft\Windows\WTDS\Components,NotifyUnsafeApp,Enhanced Phishing Protection: Notify Unsafe App,DWORD,1,https://learn.microsoft.com/en-us/windows/client-management/mdm/policy-csp-webthreatdefense#notifyunsafeapp
"Group Policy","Microsoft Defender",HKEY_LOCAL_MACHINE\Software\Policies\Microsoft\Windows\WTDS\Components,NotifyPasswordReuse,Enhanced Phishing Protection: Notify Password Reuse,DWORD,1,https://learn.microsoft.com/en-us/windows/client-management/mdm/policy-csp-webthreatdefense#notifypasswordreuse
"Group Policy","Microsoft Defender",HKEY_LOCAL_MACHINE\Software\Policies\Microsoft\Windows\WTDS\Components,NotifyMalicious,Enhanced Phishing Protection: Notify Malicious,DWORD,1,https://learn.microsoft.com/en-us/windows/client-management/mdm/policy-csp-webthreatdefense#notifymalicious
"Group Policy","Microsoft Defender",HKEY_LOCAL_MACHINE\Software\Policies\Microsoft\Windows\WTDS\Components,CaptureThreatWindow,Enhanced Phishing Protection: Capture Threat Window,DWORD,1,https://learn.microsoft.com/en-us/windows/client-management/mdm/policy-csp-webthreatdefense#automaticdatacollection
"Group Policy","Microsoft Defender",HKEY_LOCAL_MACHINE\Software\Policies\Microsoft\Windows Defender,PUAProtection,Detection for potentially unwanted applications,DWORD,1,https://learn.microsoft.com/en-us/windows/client-management/mdm/policy-csp-defender#puaprotection
"Group Policy","Microsoft Defender",HKEY_LOCAL_MACHINE\Software\Policies\Microsoft\Windows Defender\MpEngine,MpBafsExtendedTimeout,Extended cloud check (Seconds),DWORD,50,https://learn.microsoft.com/en-us/windows/client-management/mdm/policy-csp-defender#cloudextendedtimeout
"Group Policy","Microsoft Defender",HKEY_LOCAL_MACHINE\Software\Policies\Microsoft\Windows Defender\MpEngine,MpCloudBlockLevel,Cloud Block Level,DWORD,6,https://learn.microsoft.com/en-us/windows/client-management/mdm/policy-csp-defender#cloudblocklevel
"Group Policy","Microsoft Defender",HKEY_LOCAL_MACHINE\Software\Policies\Microsoft\Windows Defender\MpEngine,EnableFileHashComputation,File Hash Computation,DWORD,1,https://learn.microsoft.com/en-us/windows/client-management/mdm/policy-csp-admx-microsoftdefenderantivirus#mpengine_enablefilehashcomputation
"Group Policy","Microsoft Defender",HKEY_LOCAL_MACHINE\Software\Policies\Microsoft\Windows Defender\Quarantine,PurgeItemsAfterDelay,Purge Items After Delay,DWORD,1,https://learn.microsoft.com/en-us/windows/client-management/mdm/policy-csp-admx-microsoftdefenderantivirus#quarantine_purgeitemsafterdelay
"Group Policy","Microsoft Defender",HKEY_LOCAL_MACHINE\Software\Policies\Microsoft\Windows Defender\Real-Time Protection,IOAVMaxSize,Maximum size of downloaded files and attachments to be scanned,DWORD,10000000,https://learn.microsoft.com/en-us/windows/client-management/mdm/policy-csp-admx-microsoftdefenderantivirus#realtimeprotection_ioavmaxsize
"Group Policy","Microsoft Defender",HKEY_LOCAL_MACHINE\Software\Policies\Microsoft\Windows Defender\Scan,CheckForSignaturesBeforeRunningScan,Check For Signatures Before Running Scan,DWORD,1,https://learn.microsoft.com/en-us/windows/client-management/mdm/policy-csp-defender#checkforsignaturesbeforerunningscan
"Group Policy","Microsoft Defender",HKEY_LOCAL_MACHINE\Software\Policies\Microsoft\Windows Defender\Scan,DisableScanningMappedNetworkDrivesForFullScan,Scanning Mapped Network Drives For Full Scan,DWORD,0,https://learn.microsoft.com/en-us/windows/client-management/mdm/policy-csp-defender#allowfullscanonmappednetworkdrives
"Group Policy","Microsoft Defender",HKEY_LOCAL_MACHINE\Software\Policies\Microsoft\Windows Defender\Scan,DisableScanningNetworkFiles,Scanning Network Files,DWORD,0,https://learn.microsoft.com/en-us/windows/client-management/mdm/policy-csp-defender#allowscanningnetworkfiles
"Group Policy","Microsoft Defender",HKEY_LOCAL_MACHINE\Software\Policies\Microsoft\Windows Defender\Scan,DisableRemovableDriveScanning,Removable Drive Scanning,DWORD,0,https://learn.microsoft.com/en-us/windows/client-management/mdm/policy-csp-defender#allowfullscanremovabledrivescanning
"Group Policy","Microsoft Defender",HKEY_LOCAL_MACHINE\Software\Policies\Microsoft\Windows Defender\Scan,DisableCatchupQuickScan,Catchup Quick Scan,DWORD,0,https://learn.microsoft.com/en-us/windows/client-management/mdm/policy-csp-defender#disablecatchupquickscan
"Group Policy","Microsoft Defender",HKEY_LOCAL_MACHINE\Software\Policies\Microsoft\Windows Defender\Scan,DisableEmailScanning,Email Scanning,DWORD,0,https://learn.microsoft.com/en-us/windows/client-management/mdm/policy-csp-defender#allowemailscanning
"Group Policy","Microsoft Defender",HKEY_LOCAL_MACHINE\Software\Policies\Microsoft\Windows Defender\Scan,DisableReparsePointScanning,Reparse Point Scanning,DWORD,0,https://learn.microsoft.com/en-us/windows/client-management/mdm/policy-csp-admx-microsoftdefenderantivirus#scan_disablereparsepointscanning
"Group Policy","Microsoft Defender",HKEY_LOCAL_MACHINE\Software\Policies\Microsoft\Windows Defender\Scan,ArchiveMaxDepth,Maximum depth to scan archive files,DWORD,4294967295,https://learn.microsoft.com/en-us/windows/client-management/mdm/policy-csp-admx-microsoftdefenderantivirus#scan_archivemaxdepth
"Group Policy","Microsoft Defender",HKEY_LOCAL_MACHINE\Software\Policies\Microsoft\Windows Defender\Signature Updates,SignatureUpdateInterval,interval to check for security intelligence updates,DWORD,3,https://learn.microsoft.com/en-us/windows/client-management/mdm/policy-csp-defender#signatureupdateinterval
"Group Policy","Microsoft Defender",HKEY_LOCAL_MACHINE\Software\Policies\Microsoft\Windows Defender\Signature Updates,UpdateOnStartUp,Check for the latest virus and spyware security intelligence on startup,DWORD,1,https://learn.microsoft.com/en-us/windows/client-management/mdm/policy-csp-admx-microsoftdefenderantivirus#signatureupdate_updateonstartup
"Group Policy","Microsoft Defender",HKEY_LOCAL_MACHINE\Software\Policies\Microsoft\Windows Defender\Signature Updates,MeteredConnectionUpdates,Allows Microsoft Defender Antivirus to update over a metered connection,DWORD,1,https://learn.microsoft.com/en-us/windows/client-management/mdm/defender-csp#configurationmeteredconnectionupdates
"Group Policy","Microsoft Defender",HKEY_LOCAL_MACHINE\Software\Policies\Microsoft\Windows Defender\Signature Updates,AVSignatureDue,Define the number of days before virus security intelligence is considered out of date,DWORD,2,https://learn.microsoft.com/en-us/windows/client-management/mdm/policy-csp-admx-microsoftdefenderantivirus#signatureupdate_avsignaturedue
"Group Policy","Microsoft Defender",HKEY_LOCAL_MACHINE\Software\Policies\Microsoft\Windows Defender\Signature Updates,ASSignatureDue,Define the number of days before spyware security intelligence is considered out of date,DWORD,2,https://learn.microsoft.com/en-us/windows/client-management/mdm/policy-csp-admx-microsoftdefenderantivirus#signatureupdate_assignaturedue
"Group Policy","Microsoft Defender",HKEY_LOCAL_MACHINE\Software\Policies\Microsoft\Windows Defender\Spynet,DisableBlockAtFirstSeen,Block At First Sight,DWORD,0,https://learn.microsoft.com/en-us/windows/client-management/mdm/policy-csp-admx-microsoftdefenderantivirus#disableblockatfirstseen
"Group Policy","Microsoft Defender",HKEY_LOCAL_MACHINE\Software\Policies\Microsoft\Windows Defender\Spynet,SubmitSamplesConsent,Send file samples when further analysis is required,DWORD,3,https://learn.microsoft.com/en-us/windows/client-management/mdm/policy-csp-defender#submitsamplesconsent
"Group Policy","Microsoft Defender",HKEY_LOCAL_MACHINE\Software\Policies\Microsoft\Windows Defender\Spynet,SpynetReporting,Join Microsoft MAPS (aka SpyNet),DWORD,2,https://learn.microsoft.com/en-us/windows/client-management/mdm/policy-csp-defender#allowcloudprotection
"Group Policy","Microsoft Defender",HKEY_LOCAL_MACHINE\Software\Policies\Microsoft\Windows Defender\Threats,Threats_ThreatSeverityDefaultAction,Specify threat alert levels,DWORD,1,https://learn.microsoft.com/en-us/windows/client-management/mdm/policy-csp-defender#threatseveritydefaultaction
"Group Policy","Microsoft Defender",HKEY_LOCAL_MACHINE\Software\Policies\Microsoft\Windows Defender\Threats\ThreatSeverityDefaultAction,5,Severe Threat level default action = Remove,SZ,3,https://learn.microsoft.com/en-us/windows/client-management/mdm/policy-csp-defender#threatseveritydefaultaction
"Group Policy","Microsoft Defender",HKEY_LOCAL_MACHINE\Software\Policies\Microsoft\Windows Defender\Threats\ThreatSeverityDefaultAction,4,High Threat level default action = Remove,SZ,3,https://learn.microsoft.com/en-us/windows/client-management/mdm/policy-csp-defender#threatseveritydefaultaction
"Group Policy","Microsoft Defender",HKEY_LOCAL_MACHINE\Software\Policies\Microsoft\Windows Defender\Threats\ThreatSeverityDefaultAction,2,Medium Threat level default action = Quarantine,SZ,2,https://learn.microsoft.com/en-us/windows/client-management/mdm/policy-csp-defender#threatseveritydefaultaction
"Group Policy","Microsoft Defender",HKEY_LOCAL_MACHINE\Software\Policies\Microsoft\Windows Defender\Threats\ThreatSeverityDefaultAction,1,Low Threat level default action = Quarantine,SZ,2,https://learn.microsoft.com/en-us/windows/client-management/mdm/policy-csp-defender#threatseveritydefaultaction
"Group Policy","Microsoft Defender",HKEY_LOCAL_MACHINE\Software\Policies\Microsoft\Windows Defender\Windows Defender Exploit Guard\Controlled Folder Access,EnableControlledFolderAccess,Enable Controlled Folder Access,DWORD,1,https://learn.microsoft.com/en-us/windows/client-management/mdm/policy-csp-defender#enablecontrolledfolderaccess
"Group Policy","Microsoft Defender",HKEY_LOCAL_MACHINE\Software\Policies\Microsoft\Windows Defender\Windows Defender Exploit Guard\Network Protection,EnableNetworkProtection,Enable Network Protection,DWORD,1,https://learn.microsoft.com/en-us/windows/client-management/mdm/policy-csp-defender#enablenetworkprotection
"Group Policy","Microsoft Defender",HKEY_LOCAL_MACHINE\Software\Policies\Microsoft\Windows\DataCollection,AllowTelemetry,Allow Diagnostic Data (Required for Smart App Control),DWORD,3,https://learn.microsoft.com/en-us/windows/client-management/mdm/policy-csp-system#allowtelemetry
"Group Policy","Microsoft Defender",HKEY_LOCAL_MACHINE\Software\Policies\Microsoft\Windows\DataCollection,DisableTelemetryOptInSettingsUx,Configure diagnostic data opt-in settings user interface,DWORD,1,https://learn.microsoft.com/en-us/windows/client-management/mdm/policy-csp-system#configuretelemetryoptinsettingsux
"Group Policy","ASR",HKEY_LOCAL_MACHINE\Software\Policies\Microsoft\Windows Defender\Windows Defender Exploit Guard\ASR,ExploitGuard_ASR_Rules,Configure Attack Surface Reduction rules,DWORD,1,https://learn.microsoft.com/en-us/windows/client-management/mdm/policy-csp-defender#attacksurfacereductionrules
"Group Policy","Bitlocker",HKEY_LOCAL_MACHINE\Software\Policies\Microsoft\FVE,DisallowStandardUserPINReset,Disallow Standard User PIN Reset,DWORD,1,https://learn.microsoft.com/en-us/windows/client-management/mdm/bitlocker-csp#systemdrivesdisallowstandarduserscanchangepin
"Group Policy","Bitlocker",HKEY_LOCAL_MACHINE\Software\Policies\Microsoft\FVE,UseAdvancedStartup,Require additional authentication at startup,DWORD,1,https://learn.microsoft.com/en-us/windows/client-management/mdm/bitlocker-csp#systemdrivesrequirestartupauthentication
"Group Policy","Bitlocker",HKEY_LOCAL_MACHINE\Software\Policies\Microsoft\FVE,EnableBDEWithNoTPM,Don't allow Bitlocker without TPM,DWORD,0,https://learn.microsoft.com/en-us/windows/client-management/mdm/bitlocker-csp#systemdrivesrequirestartupauthentication
"Group Policy","Bitlocker",HKEY_LOCAL_MACHINE\Software\Policies\Microsoft\FVE,UseTPM,Use TPM,DWORD,2,https://learn.microsoft.com/en-us/windows/client-management/mdm/bitlocker-csp#systemdrivesrequirestartupauthentication
"Group Policy","Bitlocker",HKEY_LOCAL_MACHINE\Software\Policies\Microsoft\FVE,UseTPMPIN,Use TPM + PIN,DWORD,2,https://learn.microsoft.com/en-us/windows/client-management/mdm/bitlocker-csp#systemdrivesrequirestartupauthentication
"Group Policy","Bitlocker",HKEY_LOCAL_MACHINE\Software\Policies\Microsoft\FVE,UseTPMKey,Use TPM + key,DWORD,2,https://learn.microsoft.com/en-us/windows/client-management/mdm/bitlocker-csp#systemdrivesrequirestartupauthentication
"Group Policy","Bitlocker",HKEY_LOCAL_MACHINE\Software\Policies\Microsoft\FVE,UseTPMKeyPIN,Use TPM startup key + PIN,DWORD,2,https://learn.microsoft.com/en-us/windows/client-management/mdm/bitlocker-csp#systemdrivesrequirestartupauthentication
"Group Policy","Bitlocker",HKEY_LOCAL_MACHINE\Software\Policies\Microsoft\FVE,EncryptionMethodWithXtsOs,Correct Encryption method for OS drive,DWORD,7,https://learn.microsoft.com/en-us/windows/client-management/mdm/bitlocker-csp#encryptionmethodbydrivetype
"Group Policy","Bitlocker",HKEY_LOCAL_MACHINE\Software\Policies\Microsoft\FVE,EncryptionMethodWithXtsFdv,Correct Encryption method for fixed data drives,DWORD,7,https://learn.microsoft.com/en-us/windows/client-management/mdm/bitlocker-csp#encryptionmethodbydrivetype
"Group Policy","Bitlocker",HKEY_LOCAL_MACHINE\Software\Policies\Microsoft\FVE,EncryptionMethodWithXtsRdv,Correct Encryption method for removable drives,DWORD,7,https://learn.microsoft.com/en-us/windows/client-management/mdm/bitlocker-csp#encryptionmethodbydrivetype
"Group Policy","Bitlocker",HKEY_LOCAL_MACHINE\Software\Policies\Microsoft\FVE,UseEnhancedPin,Use Enhanced PIN,DWORD,1,https://learn.microsoft.com/en-us/windows/client-management/mdm/bitlocker-csp#systemdrivesenhancedpin
"Group Policy","Bitlocker",HKEY_LOCAL_MACHINE\Software\Policies\Microsoft\FVE,OSEncryptionType,Full disk encryption for OS drive,DWORD,1,https://learn.microsoft.com/en-us/windows/client-management/mdm/bitlocker-csp#systemdrivesencryptiontype
"Group Policy","Bitlocker",HKEY_LOCAL_MACHINE\Software\Policies\Microsoft\FVE,RDVEncryptionType,Full disk encryption for removable drives,DWORD,1,https://learn.microsoft.com/en-us/windows/client-management/mdm/bitlocker-csp#removabledrivesencryptiontype
"Group Policy","Bitlocker",HKEY_LOCAL_MACHINE\Software\Policies\Microsoft\FVE,RDVDiscoveryVolumeType,Prevent access to BitLocker-protected removable data drives from earlier versions of Windows,SZ,<none>,
"Group Policy","Bitlocker",HKEY_LOCAL_MACHINE\Software\Policies\Microsoft\FVE,RDVNoBitLockerToGoReader,Do not install BitLocker To Go Reader on FAT formatted removable drives,DWORD,0,
"Group Policy","Bitlocker",HKEY_LOCAL_MACHINE\Software\Policies\Microsoft\FVE,MinimumPIN,Configure minimum PIN length for startup,DWORD,10,https://learn.microsoft.com/en-us/windows/client-management/mdm/bitlocker-csp#systemdrivesminimumpinlength
"Group Policy","Bitlocker",HKEY_LOCAL_MACHINE\Software\Policies\Microsoft\Power\PowerSettings\abfc2519-3608-4c2a-94ea-171b0ed546ab,ACSettingIndex,Disallow standby states (S1-S3) when sleeping (plugged in),DWORD,0,https://learn.microsoft.com/en-us/windows/client-management/mdm/policy-csp-power#allowstandbywhensleepingpluggedin
"Group Policy","Bitlocker",HKEY_LOCAL_MACHINE\Software\Policies\Microsoft\Power\PowerSettings\abfc2519-3608-4c2a-94ea-171b0ed546ab,DCSettingIndex,Disallow standby states (S1-S3) when sleeping (on battery),DWORD,0,https://learn.microsoft.com/en-us/windows/client-management/mdm/policy-csp-power#allowstandbystateswhensleepingonbattery
"Group Policy","Bitlocker",HKEY_LOCAL_MACHINE\Software\Policies\Microsoft\Windows\Explorer,ShowHibernateOption,Show Hibernate Option,DWORD,1,https://learn.microsoft.com/en-us/windows/client-management/mdm/policy-csp-admx-windowsexplorer#showhibernateoption
"Group Policy","TLS",HKEY_LOCAL_MACHINE\SOFTWARE\Policies\Microsoft\Cryptography\Configuration\SSL\00010002,Functions,Configure the correct TLS Cipher Suites,SZ,"TLS_CHACHA20_POLY1305_SHA256,TLS_AES_256_GCM_SHA384,TLS_AES_128_GCM_SHA256,TLS_ECDHE_ECDSA_WITH_AES_256_GCM_SHA384,TLS_ECDHE_ECDSA_WITH_AES_128_GCM_SHA256,TLS_ECDHE_RSA_WITH_AES_256_GCM_SHA384,TLS_ECDHE_RSA_WITH_AES_128_GCM_SHA256,TLS_DHE_RSA_WITH_AES_256_GCM_SHA384,TLS_DHE_RSA_WITH_AES_128_GCM_SHA256",https://learn.microsoft.com/en-us/windows/client-management/mdm/policy-csp-cryptography#tlsciphersuites
"Registry Keys",TLS,HKEY_LOCAL_MACHINE\SYSTEM\CurrentControlSet\Control\SecurityProviders\SCHANNEL\Protocols\TLS 1.0\Client,DisabledByDefault,Disable TLS 1.0 client,DWORD,1,https://learn.microsoft.com/en-us/windows/client-management/mdm/policy-csp-cryptography#overrideminimumenabledtlsversionclient
"Registry Keys",TLS,HKEY_LOCAL_MACHINE\SYSTEM\CurrentControlSet\Control\SecurityProviders\SCHANNEL\Protocols\TLS 1.0\Client,Enabled,Disable TLS 1.0 client,DWORD,0,https://learn.microsoft.com/en-us/windows/client-management/mdm/policy-csp-cryptography#overrideminimumenabledtlsversionclient
"Registry Keys",TLS,HKEY_LOCAL_MACHINE\SYSTEM\CurrentControlSet\Control\SecurityProviders\SCHANNEL\Protocols\TLS 1.0\Server,DisabledByDefault,Disable TLS 1.0 server,DWORD,1,https://learn.microsoft.com/en-us/windows/client-management/mdm/policy-csp-cryptography#overrideminimumenabledtlsversionserver
"Registry Keys",TLS,HKEY_LOCAL_MACHINE\SYSTEM\CurrentControlSet\Control\SecurityProviders\SCHANNEL\Protocols\TLS 1.0\Server,Enabled,Disable TLS 1.0 server,DWORD,0,https://learn.microsoft.com/en-us/windows/client-management/mdm/policy-csp-cryptography#overrideminimumenabledtlsversionserver
"Registry Keys",TLS,HKEY_LOCAL_MACHINE\SYSTEM\CurrentControlSet\Control\SecurityProviders\SCHANNEL\Protocols\TLS 1.1\Client,DisabledByDefault,Disable TLS 1.1 client,DWORD,1,https://learn.microsoft.com/en-us/windows/client-management/mdm/policy-csp-cryptography#overrideminimumenabledtlsversionclient
"Registry Keys",TLS,HKEY_LOCAL_MACHINE\SYSTEM\CurrentControlSet\Control\SecurityProviders\SCHANNEL\Protocols\TLS 1.1\Client,Enabled,Disable TLS 1.1 client,DWORD,0,https://learn.microsoft.com/en-us/windows/client-management/mdm/policy-csp-cryptography#overrideminimumenabledtlsversionclient
"Registry Keys",TLS,HKEY_LOCAL_MACHINE\SYSTEM\CurrentControlSet\Control\SecurityProviders\SCHANNEL\Protocols\TLS 1.1\Server,DisabledByDefault,Disable TLS 1.1 server,DWORD,1,https://learn.microsoft.com/en-us/windows/client-management/mdm/policy-csp-cryptography#overrideminimumenabledtlsversionserver
"Registry Keys",TLS,HKEY_LOCAL_MACHINE\SYSTEM\CurrentControlSet\Control\SecurityProviders\SCHANNEL\Protocols\TLS 1.1\Server,Enabled,Disable TLS 1.1 server,DWORD,0,https://learn.microsoft.com/en-us/windows/client-management/mdm/policy-csp-cryptography#overrideminimumenabledtlsversionserver
"Registry Keys",TLS,HKEY_LOCAL_MACHINE\SYSTEM\CurrentControlSet\Control\SecurityProviders\SCHANNEL\Ciphers\NULL\,Enabled,Disable NULL Cipher Suite,DWORD,0,
"Registry Keys",TLS,HKEY_LOCAL_MACHINE\SYSTEM\CurrentControlSet\Control\SecurityProviders\SCHANNEL\Ciphers\DES 56/56,Enabled,Disable 56/56 Cipher Suite,DWORD,0,
"Registry Keys",TLS,HKEY_LOCAL_MACHINE\SYSTEM\CurrentControlSet\Control\SecurityProviders\SCHANNEL\Ciphers\RC2 40/128,Enabled,Disable 40/128 Cipher Suite,DWORD,0,
"Registry Keys",TLS,HKEY_LOCAL_MACHINE\SYSTEM\CurrentControlSet\Control\SecurityProviders\SCHANNEL\Ciphers\RC2 56/128,Enabled,Disable RC2 56/128 Cipher Suite,DWORD,0,
"Registry Keys",TLS,HKEY_LOCAL_MACHINE\SYSTEM\CurrentControlSet\Control\SecurityProviders\SCHANNEL\Ciphers\RC2 128/128,Enabled,Disable RC2 128/128 Cipher Suite,DWORD,0,
"Registry Keys",TLS,HKEY_LOCAL_MACHINE\SYSTEM\CurrentControlSet\Control\SecurityProviders\SCHANNEL\Ciphers\RC4 40/128,Enabled,Disable RC4 40/128 Cipher Suite,DWORD,0,
"Registry Keys",TLS,HKEY_LOCAL_MACHINE\SYSTEM\CurrentControlSet\Control\SecurityProviders\SCHANNEL\Ciphers\RC4 56/128,Enabled,Disable RC4 56/128 Cipher Suite,DWORD,0,
"Registry Keys",TLS,HKEY_LOCAL_MACHINE\SYSTEM\CurrentControlSet\Control\SecurityProviders\SCHANNEL\Ciphers\RC4 64/128,Enabled,Disable RC4 64/128 Cipher Suite,DWORD,0,
"Registry Keys",TLS,HKEY_LOCAL_MACHINE\SYSTEM\CurrentControlSet\Control\SecurityProviders\SCHANNEL\Ciphers\RC4 128/128,Enabled,Disable RC4 128/128 Cipher Suite,DWORD,0,
"Registry Keys",TLS,HKEY_LOCAL_MACHINE\SYSTEM\CurrentControlSet\Control\SecurityProviders\SCHANNEL\Ciphers\Triple DES 168,Enabled,Disable Triple DES 168 Cipher Suite,DWORD,0,
"Registry Keys",TLS,HKEY_LOCAL_MACHINE\SYSTEM\CurrentControlSet\Control\SecurityProviders\SCHANNEL\Hashes\MD5,Enabled,Disable MD5 Hashing Algorithm,DWORD,0,
"Group Policy","LockScreen",HKEY_LOCAL_MACHINE\Software\Policies\Microsoft\PassportForWork\PINComplexity,Digits,Require digits in Windows Hello PIN,DWORD,1,https://learn.microsoft.com/en-us/windows/client-management/mdm/passportforwork-csp#devicetenantidpoliciespincomplexitydigits
"Group Policy","LockScreen",HKEY_LOCAL_MACHINE\Software\Policies\Microsoft\PassportForWork\PINComplexity,LowercaseLetters,Require lower case letters in Windows Hello PIN,DWORD,1,https://learn.microsoft.com/en-us/windows/client-management/mdm/passportforwork-csp#devicetenantidpoliciespincomplexitylowercaseletters
"Group Policy","LockScreen",HKEY_LOCAL_MACHINE\Software\Policies\Microsoft\PassportForWork\PINComplexity,Expiration,Set Expiration for Windows Hello PIN,DWORD,180,https://learn.microsoft.com/en-us/windows/client-management/mdm/passportforwork-csp#devicetenantidpoliciespincomplexityexpiration
"Group Policy","LockScreen",HKEY_LOCAL_MACHINE\Software\Policies\Microsoft\PassportForWork\PINComplexity,History,Save history of Windows Hello PIN,DWORD,3,https://learn.microsoft.com/en-us/windows/client-management/mdm/passportforwork-csp#devicetenantidpoliciespincomplexityhistory
"Group Policy","LockScreen",HKEY_LOCAL_MACHINE\Software\Policies\Microsoft\Windows\System,DontDisplayNetworkSelectionUI,Don't Display Network Selection UI on lock screen,DWORD,1,https://learn.microsoft.com/en-us/windows/client-management/mdm/policy-csp-windowslogon#dontdisplaynetworkselectionui
"Group Policy","UAC",HKEY_LOCAL_MACHINE\Software\Microsoft\Windows\CurrentVersion\Policies\System,HideFastUserSwitching,Hide Fast User Switching entry points,DWORD,1,https://learn.microsoft.com/en-us/windows/client-management/mdm/policy-csp-windowslogon#hidefastuserswitching
"Group Policy","Device Guard",HKEY_LOCAL_MACHINE\SOFTWARE\Policies\Microsoft\Windows\DeviceGuard,EnableVirtualizationBasedSecurity,Enable Virtualization Based Security,DWORD,1,https://learn.microsoft.com/en-us/windows/client-management/mdm/policy-csp-deviceguard?WT.mc_id=Portal-fx#enablevirtualizationbasedsecurity
"Group Policy","Device Guard",HKEY_LOCAL_MACHINE\SOFTWARE\Policies\Microsoft\Windows\DeviceGuard,RequirePlatformSecurityFeatures,Require Platform Security Features,DWORD,1,https://learn.microsoft.com/en-us/windows/client-management/mdm/policy-csp-deviceguard?WT.mc_id=Portal-fx#requireplatformsecurityfeatures
"Group Policy","Device Guard",HKEY_LOCAL_MACHINE\SOFTWARE\Policies\Microsoft\Windows\DeviceGuard,HypervisorEnforcedCodeIntegrity,Hypervisor Enforced Code Integrity,DWORD,1,https://learn.microsoft.com/en-us/windows/client-management/mdm/policy-csp-VirtualizationBasedTechnology?WT.mc_id=Portal-fx#hypervisorenforcedcodeintegrity
"Group Policy","Device Guard",HKEY_LOCAL_MACHINE\SOFTWARE\Policies\Microsoft\Windows\DeviceGuard,HVCIMATRequired,Require HVCI MAT (Memory Attribute Table),DWORD,1,https://learn.microsoft.com/en-us/windows/client-management/mdm/policy-csp-VirtualizationBasedTechnology?WT.mc_id=Portal-fx#requireuefimemoryattributestable
"Group Policy","Device Guard",HKEY_LOCAL_MACHINE\SOFTWARE\Policies\Microsoft\Windows\DeviceGuard,LsaCfgFlags,Credential Guard Configuration,DWORD,1,https://learn.microsoft.com/en-us/windows/client-management/mdm/policy-csp-deviceguard?WT.mc_id=Portal-fx#lsacfgflags
"Group Policy","Device Guard",HKEY_LOCAL_MACHINE\SOFTWARE\Policies\Microsoft\Windows\DeviceGuard,ConfigureSystemGuardLaunch,Configure System Guard Launch,DWORD,1,https://learn.microsoft.com/en-us/windows/client-management/mdm/policy-csp-deviceguard?WT.mc_id=Portal-fx#configuresystemguardlaunch
"Group Policy","Device Guard",HKEY_LOCAL_MACHINE\SOFTWARE\Policies\Microsoft\Windows\DeviceGuard,ConfigureKernelShadowStacksLaunch,Configure Kernel Shadow Stacks Launch,DWORD,1,
"Group Policy","Device Guard",HKEY_LOCAL_MACHINE\SYSTEM\CurrentControlSet\Control\Lsa,RunAsPPL,Enable Local Security Authority (LSA) process Protection with UEFI Lock,DWORD,1,https://learn.microsoft.com/en-us/windows/client-management/mdm/policy-csp-lsa#configurelsaprotectedprocess
"Group Policy","Windows Firewall",HKEY_LOCAL_MACHINE\SOFTWARE\Policies\Microsoft\WindowsFirewall,PolicyVersion,Enable Windows Firewall,DWORD,544,https://learn.microsoft.com/en-us/windows/client-management/mdm/firewall-csp#mdmstoreglobalpolicyversion
"Group Policy","Windows Firewall",HKEY_LOCAL_MACHINE\SOFTWARE\Policies\Microsoft\WindowsFirewall\DomainProfile,EnableFirewall,Enable Windows Firewall for Domain profile,DWORD,1,https://learn.microsoft.com/en-us/windows/client-management/mdm/firewall-csp#mdmstoredomainprofileenablefirewall
"Group Policy","Windows Firewall",HKEY_LOCAL_MACHINE\SOFTWARE\Policies\Microsoft\WindowsFirewall\DomainProfile,DefaultOutboundAction,Set Default Outbound Action for Domain profile,DWORD,1,https://learn.microsoft.com/en-us/windows/client-management/mdm/firewall-csp#mdmstoredomainprofiledefaultoutboundaction
"Group Policy","Windows Firewall",HKEY_LOCAL_MACHINE\SOFTWARE\Policies\Microsoft\WindowsFirewall\DomainProfile,DefaultInboundAction,Set Default Inbound Action for Domain profile,DWORD,1,https://learn.microsoft.com/en-us/windows/client-management/mdm/firewall-csp#mdmstoredomainprofiledefaultinboundaction
"Group Policy","Windows Firewall",HKEY_LOCAL_MACHINE\SOFTWARE\Policies\Microsoft\WindowsFirewall\DomainProfile,DoNotAllowExceptions,Block all Domain profile connections,DWORD,1,https://learn.microsoft.com/en-us/windows/client-management/mdm/firewall-csp#mdmstoredomainprofileshielded
"Group Policy","Windows Firewall",HKEY_LOCAL_MACHINE\SOFTWARE\Policies\Microsoft\WindowsFirewall\DomainProfile\Logging,LogFilePath,Configure Log file path for domain profile,SZ,%systemroot%\system32\logfiles\firewall\domainfirewall.log,https://learn.microsoft.com/en-us/windows/client-management/mdm/firewall-csp#mdmstoredomainprofilelogfilepath
"Group Policy","Windows Firewall",HKEY_LOCAL_MACHINE\SOFTWARE\Policies\Microsoft\WindowsFirewall\DomainProfile\Logging,LogFileSize,Configure Log file size for domain profile,DWORD,32767,https://learn.microsoft.com/en-us/windows/client-management/mdm/firewall-csp#mdmstoredomainprofilelogmaxfilesize
"Group Policy","Windows Firewall",HKEY_LOCAL_MACHINE\SOFTWARE\Policies\Microsoft\WindowsFirewall\DomainProfile\Logging,LogDroppedPackets,Log blocked connections for domain profile,DWORD,1,https://learn.microsoft.com/en-us/windows/client-management/mdm/firewall-csp#mdmstoredomainprofileenablelogdroppedpackets
"Group Policy","Windows Firewall",HKEY_LOCAL_MACHINE\SOFTWARE\Policies\Microsoft\WindowsFirewall\DomainProfile\Logging,LogSuccessfulConnections,Log successful connections for domain profile,DWORD,1,https://learn.microsoft.com/en-us/windows/client-management/mdm/firewall-csp#mdmstoredomainprofileenablelogsuccessconnections
"Group Policy","Windows Firewall",HKEY_LOCAL_MACHINE\SOFTWARE\Policies\Microsoft\WindowsFirewall\PrivateProfile,EnableFirewall,Enable Windows Firewall for Private profile,DWORD,1,https://learn.microsoft.com/en-us/windows/client-management/mdm/firewall-csp#mdmstoreprivateprofileenablefirewall
"Group Policy","Windows Firewall",HKEY_LOCAL_MACHINE\SOFTWARE\Policies\Microsoft\WindowsFirewall\PrivateProfile,DisableNotifications,Display notifications for Private profile,DWORD,0,https://learn.microsoft.com/en-us/windows/client-management/mdm/firewall-csp#mdmstoreprivateprofiledisableinboundnotifications
"Group Policy","Windows Firewall",HKEY_LOCAL_MACHINE\SOFTWARE\Policies\Microsoft\WindowsFirewall\PrivateProfile\Logging,LogFileSize,Configure Log file size for Private profile,DWORD,32767,https://learn.microsoft.com/en-us/windows/client-management/mdm/firewall-csp#mdmstoreprivateprofilelogmaxfilesize
"Group Policy","Windows Firewall",HKEY_LOCAL_MACHINE\SOFTWARE\Policies\Microsoft\WindowsFirewall\PrivateProfile\Logging,LogDroppedPackets,Log blocked connections for Private profile,DWORD,1,https://learn.microsoft.com/en-us/windows/client-management/mdm/firewall-csp#mdmstoreprivateprofileenablelogdroppedpackets
"Group Policy","Windows Firewall",HKEY_LOCAL_MACHINE\SOFTWARE\Policies\Microsoft\WindowsFirewall\PrivateProfile\Logging,LogFilePath,Configure Log file path for Private profile,SZ,%systemroot%\system32\logfiles\firewall\privatefirewall.log,https://learn.microsoft.com/en-us/windows/client-management/mdm/firewall-csp#mdmstoreprivateprofilelogfilepath
"Group Policy","Windows Firewall",HKEY_LOCAL_MACHINE\SOFTWARE\Policies\Microsoft\WindowsFirewall\PublicProfile,EnableFirewall,Enable Windows Firewall for Public profile,DWORD,1,https://learn.microsoft.com/en-us/windows/client-management/mdm/firewall-csp#mdmstorepublicprofileenablefirewall
"Group Policy","Windows Firewall",HKEY_LOCAL_MACHINE\SOFTWARE\Policies\Microsoft\WindowsFirewall\PublicProfile,DisableNotifications,Display notifications for Public profile,DWORD,0,https://learn.microsoft.com/en-us/windows/client-management/mdm/firewall-csp#mdmstorepublicprofiledisableinboundnotifications
"Group Policy","Windows Firewall",HKEY_LOCAL_MACHINE\SOFTWARE\Policies\Microsoft\WindowsFirewall\PublicProfile\Logging,LogFileSize,Configure Log file size for Public profile,DWORD,32767,https://learn.microsoft.com/en-us/windows/client-management/mdm/firewall-csp#mdmstorepublicprofilelogmaxfilesize
"Group Policy","Windows Firewall",HKEY_LOCAL_MACHINE\SOFTWARE\Policies\Microsoft\WindowsFirewall\PublicProfile\Logging,LogDroppedPackets,Log blocked connections for Public profile,DWORD,1,https://learn.microsoft.com/en-us/windows/client-management/mdm/firewall-csp#mdmstorepublicprofileenablelogdroppedpackets
"Group Policy","Windows Firewall",HKEY_LOCAL_MACHINE\SOFTWARE\Policies\Microsoft\WindowsFirewall\PublicProfile\Logging,LogFilePath,Configure Log file path for Public profile,SZ,%systemroot%\system32\logfiles\firewall\publicfirewall.log,https://learn.microsoft.com/en-us/windows/client-management/mdm/firewall-csp#mdmstorepublicprofilelogfilepath
"Group Policy","Windows Networking",HKEY_LOCAL_MACHINE\Software\Policies\Microsoft\Windows NT\DNSClient,EnableNetbios,Disable Netbios,DWORD,0,
"Group Policy","Windows Networking",HKEY_LOCAL_MACHINE\Software\Policies\Microsoft\Windows NT\DNSClient,DisableSmartNameResolution,Disable Smart Name Resolution,DWORD,1,https://learn.microsoft.com/en-us/windows/client-management/mdm/policy-csp-admx-dnsclient#dns_smartmultihomednameresolution
"Group Policy","Windows Networking",HKEY_LOCAL_MACHINE\Software\Policies\Microsoft\Windows NT\DNSClient,EnableMulticast,Disable Multicast,DWORD,0,https://learn.microsoft.com/en-us/windows/client-management/mdm/policy-csp-admx-dnsclient#turn_off_multicast
"Group Policy","Windows Networking",HKEY_LOCAL_MACHINE\Software\Policies\Microsoft\Windows NT\Printers,DisableHTTPPrinting,Disable HTTP Printing,DWORD,1,https://learn.microsoft.com/en-us/windows/client-management/mdm/policy-csp-connectivity?WT.mc_id=Portal-fx#diableprintingoverhttp
"Group Policy","Windows Networking",HKEY_LOCAL_MACHINE\Software\Policies\Microsoft\Windows NT\Printers,DisableWebPnPDownload,Disable Web PnP Download,DWORD,1,https://learn.microsoft.com/en-us/windows/client-management/mdm/policy-csp-admx-icm#disablewebpnpdownload_1
"Group Policy","Miscellaneous",HKEY_LOCAL_MACHINE\Software\Microsoft\Windows\CurrentVersion\Policies\System\Audit,ProcessCreationIncludeCmdLine_Enabled,Include command line in process creation events,DWORD,1,https://learn.microsoft.com/en-us/windows/client-management/mdm/policy-csp-admx-auditsettings#includecmdline
"Group Policy","Miscellaneous",HKEY_LOCAL_MACHINE\Software\Policies\Microsoft\Windows\LocationAndSensors,DisableLocation,Disable Location,DWORD,1,https://learn.microsoft.com/en-us/windows/client-management/mdm/policy-csp-System?WT.mc_id=Portal-fx#allowlocation
"Group Policy","Miscellaneous",HKEY_LOCAL_MACHINE\Software\Policies\Microsoft\Windows\LocationAndSensors,DisableLocationScripting,Disable Location Scripting,DWORD,1,https://learn.microsoft.com/en-us/windows/client-management/mdm/policy-csp-admx-sensors#disablelocationscripting_2
"Group Policy","Miscellaneous",HKEY_LOCAL_MACHINE\Software\Policies\Microsoft\Windows\LocationAndSensors,DisableWindowsLocationProvider,Disable Windows Location Provider,DWORD,1,https://learn.microsoft.com/en-us/windows/client-management/mdm/policy-csp-admx-locationprovideradm#disablewindowslocationprovider_1
"Group Policy","Miscellaneous",HKEY_LOCAL_MACHINE\Software\Policies\Microsoft\Windows NT\Rpc,EnableAuthEpResolution,Enable RPC Endpoint Mapper Client Authentication,DWORD,1,https://learn.microsoft.com/en-us/windows/client-management/mdm/policy-csp-remoteprocedurecall#rpcendpointmapperclientauthentication
"Group Policy","Miscellaneous",HKEY_LOCAL_MACHINE\System\CurrentControlSet\Control\SCMConfig,EnableSvchostMitigationPolicy,Enable Svchost Mitigation,DWORD,1,https://learn.microsoft.com/en-us/windows/client-management/mdm/policy-csp-servicecontrolmanager#svchostprocessmitigation
"Group Policy","Miscellaneous",HKEY_LOCAL_MACHINE\System\CurrentControlSet\Policies\EarlyLaunch,DriverLoadPolicy,Boot-Start Driver Initialization Policy set to Good only,DWORD,8,https://learn.microsoft.com/en-us/windows/client-management/mdm/policy-csp-system#bootstartdriverinitialization
"Registry Keys",Miscellaneous,HKEY_LOCAL_MACHINE\SOFTWARE\Microsoft\Windows Search,EnableFindMyFiles,Enable enhanced search in Window,DWORD,1,https://learn.microsoft.com/en-us/windows/client-management/mdm/policy-csp-search#allowfindmyfiles
"Registry Keys",Miscellaneous,HKEY_LOCAL_MACHINE\SOFTWARE\WOW6432Node\Microsoft\EdgeUpdate\ClientStateMedium\{56EB18F8-B008-4CBD-B6D2-8C97FE7E9062},allowautoupdatesmetered,Set Microsoft Edge (Stable) to update over Metered connections,DWORD,1,
"Registry Keys",Miscellaneous,HKEY_LOCAL_MACHINE\SOFTWARE\WOW6432Node\Microsoft\EdgeUpdate\ClientStateMedium\{2CD8A007-E189-409D-A2C8-9AF4EF3C72AA},allowautoupdatesmetered,Set Microsoft Edge (Beta) to update over Metered connections,DWORD,1,
"Registry Keys",Miscellaneous,HKEY_LOCAL_MACHINE\SOFTWARE\WOW6432Node\Microsoft\EdgeUpdate\ClientStateMedium\{0D50BFEC-CD6A-4F9A-964C-C7416E3ACB10},allowautoupdatesmetered,Set Microsoft Edge (Dev) to update over Metered connections,DWORD,1,
"Registry Keys",Miscellaneous,HKEY_LOCAL_MACHINE\SYSTEM\ControlSet001\Services\W32Time\TimeProviders\NtpClient,SpecialPollInterval,Change Windows time sync interval from every 7 days to every 4 days (= every 345600 seconds),DWORD,345600,https://learn.microsoft.com/en-us/windows/client-management/mdm/policy-csp-admx-w32time#w32time_policy_configure_ntpclient
"Registry Keys",Miscellaneous,HKEY_LOCAL_MACHINE\Software\Microsoft\Cryptography\Wintrust\Config,EnableCertPaddingCheck,WinVerifyTrust Signature Validation part 1,String,1,
"Registry Keys",Miscellaneous,HKEY_LOCAL_MACHINE\Software\Wow6432Node\Microsoft\Cryptography\Wintrust\Config,EnableCertPaddingCheck,WinVerifyTrust Signature Validation part 2,String,1,
"Registry Keys",Miscellaneous,HKEY_LOCAL_MACHINE\SYSTEM\CurrentControlSet\Services\LanmanServer\Parameters,EncryptData,Enable SMB Encryption,DWORD,1,
"Group Policy","Windows Update",HKEY_LOCAL_MACHINE\Software\Policies\Microsoft\Windows\WindowsUpdate,AllowAutoWindowsUpdateDownloadOverMeteredNetwork,Allow updates to be downloaded automatically over metered connections,DWORD,1,https://learn.microsoft.com/en-us/windows/client-management/mdm/policy-csp-update#allowautowindowsupdatedownloadovermeterednetwork
"Group Policy","Windows Update",HKEY_LOCAL_MACHINE\Software\Policies\Microsoft\Windows\WindowsUpdate,AllowTemporaryEnterpriseFeatureControl,Enable features introduced via servicing that are off by default,DWORD,1,https://learn.microsoft.com/en-us/windows/client-management/mdm/policy-csp-update#allowtemporaryenterprisefeaturecontrol
"Group Policy","Windows Update",HKEY_LOCAL_MACHINE\Software\Policies\Microsoft\Windows\WindowsUpdate,SetComplianceDeadline,Specify deadlines for automatic updates and restarts,DWORD,1,
"Group Policy","Windows Update",HKEY_LOCAL_MACHINE\Software\Policies\Microsoft\Windows\WindowsUpdate,ConfigureDeadlineForQualityUpdates,Number of days before quality updates are installed on devices automatically,DWORD,0,https://learn.microsoft.com/en-us/windows/client-management/mdm/policy-csp-update#configuredeadlineforqualityupdates
"Group Policy","Windows Update",HKEY_LOCAL_MACHINE\Software\Policies\Microsoft\Windows\WindowsUpdate,ConfigureDeadlineGracePeriod,Number of grace period days before quality updates are installed on devices automatically,DWORD,1,https://learn.microsoft.com/en-us/windows/client-management/mdm/policy-csp-update#configuredeadlinegraceperiod
"Group Policy","Windows Update",HKEY_LOCAL_MACHINE\Software\Policies\Microsoft\Windows\WindowsUpdate,ConfigureDeadlineForFeatureUpdates,Number of days before feature updates are installed on devices automatically,DWORD,0,https://learn.microsoft.com/en-us/windows/client-management/mdm/policy-csp-update#configuredeadlineforfeatureupdates
"Group Policy","Windows Update",HKEY_LOCAL_MACHINE\Software\Policies\Microsoft\Windows\WindowsUpdate,ConfigureDeadlineGracePeriodForFeatureUpdates,Number of grace period days before feature updates are installed on devices automatically,DWORD,1,https://learn.microsoft.com/en-us/windows/client-management/mdm/policy-csp-update#configuredeadlinegraceperiodforfeatureupdates
"Group Policy","Windows Update",HKEY_LOCAL_MACHINE\Software\Policies\Microsoft\Windows\WindowsUpdate\AU,NoAutoUpdate,Set the computer to receive security updates and other important downloads through Windows update,DWORD,0,
"Group Policy","Windows Update",HKEY_LOCAL_MACHINE\Software\Policies\Microsoft\Windows\WindowsUpdate\AU,AUOptions,Automatically download updates and install them on maintenance day,DWORD,4,https://learn.microsoft.com/en-us/windows/client-management/mdm/policy-csp-update#allowautoupdate
"Group Policy","Windows Update",HKEY_LOCAL_MACHINE\Software\Policies\Microsoft\Windows\WindowsUpdate\AU,AutomaticMaintenanceEnabled,Install updates during automatic maintenance,DWORD,1,
"Group Policy","Windows Update",HKEY_LOCAL_MACHINE\Software\Policies\Microsoft\Windows\WindowsUpdate\AU,ScheduledInstallDay,Set scheduled install day to every day,DWORD,0,https://learn.microsoft.com/en-us/windows/client-management/mdm/policy-csp-update#scheduledinstallday
"Group Policy","Windows Update",HKEY_LOCAL_MACHINE\Software\Policies\Microsoft\Windows\WindowsUpdate\AU,ScheduledInstallTime,Set scheduled install time to any time,DWORD,24,https://learn.microsoft.com/en-us/windows/client-management/mdm/policy-csp-update#scheduledinstalltime
"Group Policy","Windows Update",HKEY_LOCAL_MACHINE\Software\Policies\Microsoft\Windows\WindowsUpdate\AU,AllowMUUpdateService,Install updates for other Microsoft products,DWORD,1,https://learn.microsoft.com/en-us/windows/client-management/mdm/policy-csp-update#allowmuupdateservice
"Registry Keys",Edge,HKEY_LOCAL_MACHINE\SOFTWARE\Policies\Microsoft\Edge\Recommended,BlockThirdPartyCookies,Block 3rd party cookies,DWORD,1,https://learn.microsoft.com/en-us/deployedge/configure-edge-with-mdm
"Registry Keys",Edge,HKEY_LOCAL_MACHINE\SOFTWARE\Policies\Microsoft\Edge,DnsOverHttpsMode,Set Dns Over Https Mode to use system DoH settings,String,automatic,https://learn.microsoft.com/en-us/deployedge/configure-edge-with-mdm
"Registry Keys",Edge,HKEY_LOCAL_MACHINE\SOFTWARE\Policies\Microsoft\Edge,AutomaticHttpsDefault,Automatically upgrade HTTP connections to HTTPS,DWORD,2,https://learn.microsoft.com/en-us/deployedge/configure-edge-with-mdm
"Registry Keys",Edge,HKEY_LOCAL_MACHINE\SOFTWARE\Policies\Microsoft\Edge,EncryptedClientHelloEnabled,Enable Encrypted Client Hello,DWORD,1,https://learn.microsoft.com/en-us/deployedge/configure-edge-with-mdm
"Registry Keys",Edge,HKEY_LOCAL_MACHINE\SOFTWARE\Policies\Microsoft\Edge,BasicAuthOverHttpEnabled,Block Basic authentication for HTTP,DWORD,0,https://learn.microsoft.com/en-us/deployedge/configure-edge-with-mdm
"Registry Keys",Edge,HKEY_LOCAL_MACHINE\SOFTWARE\Policies\Microsoft\Edge,ExperimentationAndConfigurationServiceControl,Allow Edge to receive new features even after using policies,DWORD,2,https://learn.microsoft.com/en-us/deployedge/configure-edge-with-mdm
"Registry Keys",Edge,HKEY_LOCAL_MACHINE\SOFTWARE\Policies\Microsoft\Edge,AudioSandboxEnabled,Enforces the audio process to run sandboxed,DWORD,1,https://learn.microsoft.com/en-us/deployedge/configure-edge-with-mdm
"Registry Keys",Edge,HKEY_LOCAL_MACHINE\SOFTWARE\Policies\Microsoft\Edge\Recommended,DefaultShareAdditionalOSRegionSetting,Recommends that the share additional operating system region setting to be set to never,DWORD,2,https://learn.microsoft.com/en-us/deployedge/configure-edge-with-mdm
"Registry Keys",Edge,HKEY_LOCAL_MACHINE\SOFTWARE\Policies\Microsoft\Edge\TLSCipherSuiteDenyList,1,Disable TLS_ECDHE_RSA_WITH_AES_128_CBC_SHA - (CBC - SHA1),String,0xc013,https://learn.microsoft.com/en-us/deployedge/configure-edge-with-mdm
"Registry Keys",Edge,HKEY_LOCAL_MACHINE\SOFTWARE\Policies\Microsoft\Edge\TLSCipherSuiteDenyList,2,Disable TLS_ECDHE_RSA_WITH_AES_256_CBC_SHA - (CBC - SHA1),String,0xc014,https://learn.microsoft.com/en-us/deployedge/configure-edge-with-mdm
"Registry Keys",Edge,HKEY_LOCAL_MACHINE\SOFTWARE\Policies\Microsoft\Edge\TLSCipherSuiteDenyList,3,Disable TLS_RSA_WITH_AES_256_CBC_SHA - (NO PFS - CBC - SHA1),String,0x0035,https://learn.microsoft.com/en-us/deployedge/configure-edge-with-mdm
"Registry Keys",Edge,HKEY_LOCAL_MACHINE\SOFTWARE\Policies\Microsoft\Edge\TLSCipherSuiteDenyList,4,Disable TLS_RSA_WITH_AES_128_CBC_SHA - (NO PFS - CBC - SHA1),String,0x002f,https://learn.microsoft.com/en-us/deployedge/configure-edge-with-mdm
"Registry Keys",Edge,HKEY_LOCAL_MACHINE\SOFTWARE\Policies\Microsoft\Edge\TLSCipherSuiteDenyList,5,Disable TLS_RSA_WITH_AES_128_GCM_SHA256 - (NO PFS),String,0x009c,https://learn.microsoft.com/en-us/deployedge/configure-edge-with-mdm
"Registry Keys",Edge,HKEY_LOCAL_MACHINE\SOFTWARE\Policies\Microsoft\Edge\TLSCipherSuiteDenyList,6,Disable TLS_RSA_WITH_AES_256_GCM_SHA384 - (NO PFS),String,0x009d,https://learn.microsoft.com/en-us/deployedge/configure-edge-with-mdm
"Registry Keys",Non-Admin,HKEY_CURRENT_USER\Software\Microsoft\Windows\CurrentVersion\Explorer\Advanced,HideFileExt,Show File extensions,DWORD,0,
"Registry Keys",Non-Admin,HKEY_CURRENT_USER\Software\Microsoft\Windows\CurrentVersion\Explorer\Advanced,Hidden,Show hidden files,DWORD,1,
"Registry Keys",Non-Admin,HKEY_CURRENT_USER\Control Panel\International\User Profile,HttpAcceptLanguageOptOut,Disable websites accessing local language list,DWORD,1,
"Registry Keys",Non-Admin,HKEY_CURRENT_USER\SOFTWARE\Microsoft\Windows\CurrentVersion\SearchSettings,SafeSearchMode,Turn off safe search in Windows search,DWORD,0,
"Registry Keys",Non-Admin,HKEY_CURRENT_USER\Software\Microsoft\Clipboard,EnableClipboardHistory,Enable Clipboard History,DWORD,1,
"Registry Keys",Non-Admin,HKEY_CURRENT_USER\Software\Microsoft\Clipboard,CloudClipboardAutomaticUpload,Enable sync of Clipboard history in Windows between devices,DWORD,1,
"Registry Keys",Non-Admin,HKEY_CURRENT_USER\Software\Microsoft\Clipboard,EnableCloudClipboard,Enable Clipboard sync,DWORD,1,
"Registry Keys",Non-Admin,HKEY_CURRENT_USER\Software\Microsoft\Input\Settings,EnableHwkbTextPrediction,Turn on Show text suggestions when typing on the physical keyboard,DWORD,1,
"Registry Keys",Non-Admin,HKEY_CURRENT_USER\Software\Microsoft\Input\Settings,MultilingualEnabled,Turn on Multilingual text suggestions,DWORD,1,
"Registry Keys",Non-Admin,HKEY_CURRENT_USER\Control Panel\Accessibility\StickyKeys,Flags,Turn off sticky key shortcut of pressing shift key 5 time fast,String,506,
"Registry Keys",Non-Admin,HKEY_CURRENT_USER\Software\Microsoft\Windows\CurrentVersion\Notifications\Settings,NOC_GLOBAL_SETTING_ALLOW_CRITICAL_TOASTS_ABOVE_LOCK,Disables show reminders and incoming VoIP calls on the lock screen,DWORD,0,