﻿<?xml version="1.0" encoding="utf-8"?>
<SiPolicy xmlns="urn:schemas-microsoft-com:sipolicy" PolicyType="Base Policy">
  <VersionEx>10.0.3.0</VersionEx>
  <PolicyID>{0510F47B-39BB-43BB-85AA-348FB15CE9C6}</PolicyID>
  <BasePolicyID>{0510F47B-39BB-43BB-85AA-348FB15CE9C6}</BasePolicyID>
  <PlatformID>{2E07F7E4-194C-4D20-B7C9-6F44A6C5A234}</PlatformID>
  <Rules>
    <Rule>
      <Option>Enabled:Unsigned System Integrity Policy</Option>
    </Rule>
    <Rule>
      <Option>Enabled:Advanced Boot Options Menu</Option>
    </Rule>
    <Rule>
      <Option>Enabled:Inherit Default Policy</Option>
    </Rule>
    <Rule>
      <Option>Enabled:Update Policy No Reboot</Option>
    </Rule>
    <Rule>
      <Option>Enabled:Dynamic Code Security</Option>
    </Rule>
    <Rule>
      <Option>Enabled:Revoked Expired As Unsigned</Option>
    </Rule>
    <Rule>
      <Option>Enabled:Allow Supplemental Policies</Option>
    </Rule>
  </Rules>
  <!--EKUS-->
  <EKUs>
    <EKU ID="ID_EKU_WINDOWS" Value="010A2B0601040182370A0306" />
    <EKU ID="ID_EKU_ELAM" Value="010A2B0601040182373D0401" />
    <EKU ID="ID_EKU_HAL_EXT" Value="010a2b0601040182373d0501" />
    <EKU ID="ID_EKU_RT_EXT" Value="010a2b0601040182370a0315" />
    <EKU ID="ID_EKU_STORE" FriendlyName="Windows Store EKU - 1.3.6.1.4.1.311.76.3.1 Windows Store" Value="010a2b0601040182374c0301" />
    <EKU ID="ID_EKU_DCODEGEN" FriendlyName="Dynamic Code Generation EKU - 1.3.6.1.4.1.311.76.5.1" Value="010A2B0601040182374C0501" />
    <EKU ID="ID_EKU_AM" FriendlyName="AntiMalware EKU -1.3.6.1.4.1.311.76.11.1 " Value="010a2b0601040182374c0b01" />
  </EKUs>
  <!--File Rules-->
  <FileRules>
    <FileAttrib ID="ID_FILEATTRIB_REFRESH_POLICY" FriendlyName="RefreshPolicy.exe FileAttribute" FileName="RefreshPolicy.exe" MinimumFileVersion="10.0.19042.0" />
  </FileRules>
  <!--Signers-->
  <Signers>
    <Signer ID="ID_SIGNER_WINDOWS_PRODUCTION" Name="Microsoft Product Root 2010 Windows EKU">
      <CertRoot Type="Wellknown" Value="06" />
      <CertEKU ID="ID_EKU_WINDOWS" />
    </Signer>
    <Signer ID="ID_SIGNER_ELAM_PRODUCTION" Name="Microsoft Product Root 2010 ELAM EKU">
      <CertRoot Type="Wellknown" Value="06" />
      <CertEKU ID="ID_EKU_ELAM" />
    </Signer>
    <Signer ID="ID_SIGNER_HAL_PRODUCTION" Name="Microsoft Product Root 2010 HAL EKU">
      <CertRoot Type="Wellknown" Value="06" />
      <CertEKU ID="ID_EKU_HAL_EXT" />
    </Signer>
    <Signer ID="ID_SIGNER_STORE" Name="Microsoft MarketPlace PCA 2011">
      <CertRoot Type="TBS" Value="FC9EDE3DCCA09186B2D3BF9B738A2050CB1A554DA2DCADB55F3F72EE17721378" />
      <CertEKU ID="ID_EKU_STORE" />
    </Signer>
    <Signer ID="ID_SIGNER_RT_PRODUCTION" Name="Microsoft Product Root 2010 RT EKU">
      <CertRoot Type="Wellknown" Value="06" />
      <CertEKU ID="ID_EKU_RT_EXT" />
    </Signer>
    <Signer ID="ID_SIGNER_RT_STANDARD" Name="Microsoft Standard Root 2011 RT EKU">
      <CertRoot Type="Wellknown" Value="07" />
      <CertEKU ID="ID_EKU_RT_EXT" />
    </Signer>
    <Signer ID="ID_SIGNER_DRM" Name="MincryptKnownRootMicrosoftDMDRoot2005">
      <CertRoot Type="Wellknown" Value="0C" />
    </Signer>
    <Signer ID="ID_SIGNER_DCODEGEN" Name="MincryptKnownRootMicrosoftProductRoot2010">
      <CertRoot Type="Wellknown" Value="06" />
      <CertEKU ID="ID_EKU_DCODEGEN" />
    </Signer>
    <Signer ID="ID_SIGNER_AM" Name="MincryptKnownRootMicrosoftStandardRoot2011">
      <CertRoot Type="Wellknown" Value="07" />
      <CertEKU ID="ID_EKU_AM" />
    </Signer>
    <Signer ID="ID_SIGNER_MICROSOFT_REFRESH_POLICY" Name="Microsoft Code Signing PCA 2011">
      <CertRoot Type="TBS" Value="F6F717A43AD9ABDDC8CEFDDE1C505462535E7D1307E630F9544A2D14FE8BF26E" />
      <CertPublisher Value="Microsoft Corporation" />
      <FileAttribRef RuleID="ID_FILEATTRIB_REFRESH_POLICY" />
    </Signer>
  </Signers>
  <SigningScenarios>
    <!--Kernel Mode Signing Scenario-->
    <SigningScenario Value="131" ID="ID_SIGNINGSCENARIO_KMCI" FriendlyName="Kernel Mode Signing Scenario">
      <ProductSigners>
        <AllowedSigners>
          <AllowedSigner SignerId="ID_SIGNER_WINDOWS_PRODUCTION" />
          <AllowedSigner SignerId="ID_SIGNER_ELAM_PRODUCTION" />
          <AllowedSigner SignerId="ID_SIGNER_HAL_PRODUCTION" />
        </AllowedSigners>
      </ProductSigners>
    </SigningScenario>
  </SigningScenarios>
  <UpdatePolicySigners>
  </UpdatePolicySigners>
  <!--

    CiSigners are signers that ConfigCI asks CI to trust for all builds, include
    retail builds.

    Normally CiSigners is empty or only includes production signers. For enterprise
    ConfigCI policy, you may need to include enterprise signers. Just make sure it
    is understood that CiSigners will be trusted by CI for all builds.

-->
  <CiSigners>
    <!--
      Currently Centennial Apps are launched as Win32 Apps and signed by store certificate.
      We need to allow enterprise signing scenario to trust store certificate.
    -->
    <CiSigner SignerId="ID_SIGNER_STORE" />
  </CiSigners>
  <HvciOptions>0</HvciOptions>
  <Settings>
    <Setting Provider="PolicyInfo" Key="Information" ValueName="Name">
      <Value>
        <String>DefaultWindowsEnforced</String>
      </Value>
    </Setting>
    <Setting Provider="PolicyInfo" Key="Information" ValueName="Id">
      <Value>
        <String>022422</String>
      </Value>
    </Setting>
  </Settings>
</SiPolicy>